alexandria, ghcr.io/ocicl/alexandria@sha256:e433c2e076ed3bcf8641b97b00192680db2201d305efac9293539dee88c7fbf7, alexandria-20240503-8514d8e/alexandria.asd
babel, ghcr.io/ocicl/babel@sha256:9d9fcde71acc2b5c39572de4f11756a08c1d8801caa86c581b85dabaa35928b3, babel-20250905-4eaf3f2/babel.asd
babel-streams, ghcr.io/ocicl/babel@sha256:9d9fcde71acc2b5c39572de4f11756a08c1d8801caa86c581b85dabaa35928b3, babel-20250905-4eaf3f2/babel-streams.asd
babel-tests, ghcr.io/ocicl/babel@sha256:9d9fcde71acc2b5c39572de4f11756a08c1d8801caa86c581b85dabaa35928b3, babel-20250905-4eaf3f2/babel-tests.asd
bordeaux-threads, ghcr.io/ocicl/bordeaux-threads@sha256:bbb32afe3987e102149cc019f4f7366a05f7a37d1503f5f86a27745e671c320a, bordeaux-threads-0.9.4/bordeaux-threads.asd
cffi, ghcr.io/ocicl/cffi-grovel@sha256:0854274d437e36f8bd30549103de36d23ac22f481f2746e61785e883f52b25fa, cffi-20250822-dad3520/cffi.asd
cffi-examples, ghcr.io/ocicl/cffi-grovel@sha256:0854274d437e36f8bd30549103de36d23ac22f481f2746e61785e883f52b25fa, cffi-20250822-dad3520/cffi-examples.asd
cffi-grovel, ghcr.io/ocicl/cffi-grovel@sha256:0854274d437e36f8bd30549103de36d23ac22f481f2746e61785e883f52b25fa, cffi-20250822-dad3520/cffi-grovel.asd
cffi-libffi, ghcr.io/ocicl/cffi-grovel@sha256:0854274d437e36f8bd30549103de36d23ac22f481f2746e61785e883f52b25fa, cffi-20250822-dad3520/cffi-libffi.asd
cffi-tests, ghcr.io/ocicl/cffi-grovel@sha256:0854274d437e36f8bd30549103de36d23ac22f481f2746e61785e883f52b25fa, cffi-20250822-dad3520/cffi-tests.asd
cffi-toolchain, ghcr.io/ocicl/cffi-grovel@sha256:0854274d437e36f8bd30549103de36d23ac22f481f2746e61785e883f52b25fa, cffi-20250822-dad3520/cffi-toolchain.asd
cffi-uffi-compat, ghcr.io/ocicl/cffi-grovel@sha256:0854274d437e36f8bd30549103de36d23ac22f481f2746e61785e883f52b25fa, cffi-20250822-dad3520/cffi-uffi-compat.asd
chipz, ghcr.io/ocicl/chipz@sha256:fae0fae0c93199ba57c92d9102245a55c8a2c12af4442e0b141d5670bef4f2f0, chipz-20240503-6f80368/chipz.asd
chunga, ghcr.io/ocicl/chunga@sha256:a2558d54ac5d4ccdbf49d7b51fcb074762d77e263ec67245f6d2928477b6d19a, chunga-20250814-1310e96/chunga.asd
circular-streams, ghcr.io/ocicl/circular-streams@sha256:4e63fd6b983fea03cc2b71af8b22cdc492ea4393538ca5b4cec762a561e15060, circular-streams-20240503-e770bad/circular-streams.asd
circular-streams-test, ghcr.io/ocicl/circular-streams@sha256:4e63fd6b983fea03cc2b71af8b22cdc492ea4393538ca5b4cec762a561e15060, circular-streams-20240503-e770bad/circular-streams-test.asd
cl-base64, ghcr.io/ocicl/cl-base64@sha256:702412dbc1ed825e275fb23e22c29527eb786bf644e47c7621bf0dbb34e17c7e, cl-base64-20240503-80496b7/cl-base64.asd
cl-base64-tests, ghcr.io/ocicl/cl-base64@sha256:702412dbc1ed825e275fb23e22c29527eb786bf644e47c7621bf0dbb34e17c7e, cl-base64-20240503-80496b7/cl-base64-tests.asd
cl-change-case, ghcr.io/ocicl/cl-change-case@sha256:4c14d77c6b55bb76d50fe37625114b0c1b2590c4c7f8a96bf495e64b746e900d, cl-change-case-1.0/cl-change-case.asd
cl-cookie, ghcr.io/ocicl/cl-cookie@sha256:85cd8aa7f1379d041fae9530609cd68d5214fb978bc87faa7fd9ad5ad7e08a83, cl-cookie-20240703-6bcb74a/cl-cookie.asd
cl-cookie-test, ghcr.io/ocicl/cl-cookie@sha256:85cd8aa7f1379d041fae9530609cd68d5214fb978bc87faa7fd9ad5ad7e08a83, cl-cookie-20240703-6bcb74a/cl-cookie-test.asd
cl-fad, ghcr.io/ocicl/cl-fad@sha256:c0aaffc859e419e0a94cedb08f48c2484da404363fb0fe4ffd6e09a80aadafe1, cl-fad-0.7.6/cl-fad.asd
cl-json, ghcr.io/ocicl/cl-json@sha256:54c4d00901c2c5b0ea9da11eed8f0104fc5819e1ed9a29d1f3364503a720a868, cl-json-20240907-994dd38/cl-json.asd
cl-postgres_plus_local-time, ghcr.io/ocicl/local-time@sha256:15dc0e56d0ff55bd2a3c597e67be1c26bd0677c230a15ad5098c5207a9df5554, local-time-20250808-c28f38e/cl-postgres+local-time.asd
cl-ppcre, ghcr.io/ocicl/cl-ppcre@sha256:bf073924cf4fd5957a4fd961a95d446ed0e53fa32a5002cbd2d52182874f45e5, cl-ppcre-20250606-a2ea581/cl-ppcre.asd
cl-ppcre-unicode, ghcr.io/ocicl/cl-ppcre@sha256:bf073924cf4fd5957a4fd961a95d446ed0e53fa32a5002cbd2d52182874f45e5, cl-ppcre-20250606-a2ea581/cl-ppcre-unicode.asd
cl-store, ghcr.io/ocicl/cl-store@sha256:9c58bb54e0b871e06b47e049314f890a7e0cf8133aa47cdd7fc06590d564681b, cl-store-20240503-adb52a1/cl-store.asd
cl-unicode, ghcr.io/ocicl/cl-unicode@sha256:d98f12c1271fb3c1812a27d64dfbe95b0bc5bcfd545b71b8101874e61270b120, cl-unicode-20240503-07e7ff5/cl-unicode.asd
cl-utilities, ghcr.io/ocicl/cl-utilities@sha256:e5e0676a4e0627332a0fe64d56ed4f1890f0466d715a11e8d95561b4c2baa38f, cl-utilities-20240503-6b4de39/cl-utilities.asd
cl_plus_ssl, ghcr.io/ocicl/cl_plus_ssl@sha256:d50fbbba38827e835eec2415744e0fb05a2a0bf4d44940cdc23922f15036efe5, cl-plus-ssl-20251220-499b2f5/cl+ssl.asd
cl_plus_ssl.test, ghcr.io/ocicl/cl_plus_ssl@sha256:d50fbbba38827e835eec2415744e0fb05a2a0bf4d44940cdc23922f15036efe5, cl-plus-ssl-20251220-499b2f5/cl+ssl.test.asd
clack, ghcr.io/ocicl/clack@sha256:9457bea28f1ee9c49a7626c2ee23c181b5af3636b5e64a27a46ef8535818947f, clack-20241101-935be5b/clack.asd
clack-handler-hunchentoot, ghcr.io/ocicl/clack@sha256:9457bea28f1ee9c49a7626c2ee23c181b5af3636b5e64a27a46ef8535818947f, clack-20241101-935be5b/clack-handler-hunchentoot.asd
clack-handler-toot, ghcr.io/ocicl/clack@sha256:9457bea28f1ee9c49a7626c2ee23c181b5af3636b5e64a27a46ef8535818947f, clack-20241101-935be5b/clack-handler-toot.asd
clack-handler-wookie, ghcr.io/ocicl/clack@sha256:9457bea28f1ee9c49a7626c2ee23c181b5af3636b5e64a27a46ef8535818947f, clack-20241101-935be5b/clack-handler-wookie.asd
clack-socket, ghcr.io/ocicl/clack@sha256:9457bea28f1ee9c49a7626c2ee23c181b5af3636b5e64a27a46ef8535818947f, clack-20241101-935be5b/clack-socket.asd
clack-test, ghcr.io/ocicl/clack@sha256:9457bea28f1ee9c49a7626c2ee23c181b5af3636b5e64a27a46ef8535818947f, clack-20241101-935be5b/clack-test.asd
deflate, ghcr.io/ocicl/deflate@sha256:f8d9b939c1b3b56e6bc4bca279bff1a29a48c05d998add7365ca6a9b2e2dcb69, Deflate-20240503-3c6d7a7/deflate.asd
dexador, ghcr.io/ocicl/dexador@sha256:defc8d669790e22ac9a9eccf52fe14b10cf986402c7b32c0049df45f64a039e1, dexador-20250825-4db4b93/dexador.asd
dexador-test, ghcr.io/ocicl/dexador@sha256:defc8d669790e22ac9a9eccf52fe14b10cf986402c7b32c0049df45f64a039e1, dexador-20250825-4db4b93/dexador-test.asd
dexador-usocket, ghcr.io/ocicl/dexador@sha256:defc8d669790e22ac9a9eccf52fe14b10cf986402c7b32c0049df45f64a039e1, dexador-20250825-4db4b93/dexador-usocket.asd
fast-http, ghcr.io/ocicl/fast-http@sha256:44e98b5239c0ded4921dc0b04ae272cff00583d93797a657543db782979eb50c, fast-http-20240503-2232fc9/fast-http.asd
fast-http-test, ghcr.io/ocicl/fast-http@sha256:44e98b5239c0ded4921dc0b04ae272cff00583d93797a657543db782979eb50c, fast-http-20240503-2232fc9/fast-http-test.asd
fast-io, ghcr.io/ocicl/fast-io@sha256:7ba35a0eddf00b3c25656b3c5a93e95460f6cb8f807afbc04ef4f50076d95aff, fast-io-20240503-a4c5ad6/fast-io.asd
fast-io-test, ghcr.io/ocicl/fast-io@sha256:7ba35a0eddf00b3c25656b3c5a93e95460f6cb8f807afbc04ef4f50076d95aff, fast-io-20240503-a4c5ad6/fast-io-test.asd
flexi-streams, ghcr.io/ocicl/flexi-streams@sha256:95005b06a8a95c82780c75ead53810bcb273d07fcf5fe76b527f1856df9923f2, flexi-streams-20240503-4951d57/flexi-streams.asd
flexi-streams-test, ghcr.io/ocicl/flexi-streams@sha256:95005b06a8a95c82780c75ead53810bcb273d07fcf5fe76b527f1856df9923f2, flexi-streams-20240503-4951d57/flexi-streams-test.asd
fuzzy-match, ghcr.io/ocicl/fuzzy-match@sha256:57b9183075a43ea671f4e9b1d02d3f11dbe0fd131da93cefbac620b83ed62948, fuzzy-match-20250812-38694eb/fuzzy-match.asd
global-vars, ghcr.io/ocicl/global-vars@sha256:d197e871c9c9abc4bf31b1186f5fd28f0ca848ebe2e9dddf2d82ecee01dbdc65, global-vars-20240503-c749f32/global-vars.asd
global-vars-test, ghcr.io/ocicl/global-vars@sha256:d197e871c9c9abc4bf31b1186f5fd28f0ca848ebe2e9dddf2d82ecee01dbdc65, global-vars-20240503-c749f32/global-vars-test.asd
http-body, ghcr.io/ocicl/http-body@sha256:9582cd3d8ee1720d13bbfc9be857a8e41c927aebf9882fc8a5a2842fa5f80ddd, http-body-20241126-6c84ce8/http-body.asd
http-body-test, ghcr.io/ocicl/http-body@sha256:9582cd3d8ee1720d13bbfc9be857a8e41c927aebf9882fc8a5a2842fa5f80ddd, http-body-20241126-6c84ce8/http-body-test.asd
hunchentoot, ghcr.io/ocicl/hunchentoot@sha256:1dbccc1f9770d3d8917ef87d71720b4ec7f2d6bebf24a3072afca478b00b4427, hunchentoot-1.3.1/hunchentoot.asd
idna, ghcr.io/ocicl/idna@sha256:b1737dbce42904f75c724350c3e057770c7777f1f5596c6358875dfb2e542eac, idna-20240503-bf789e6/idna.asd
ieee-floats, ghcr.io/ocicl/ieee-floats@sha256:dcc1ef35f12ab6c611839a64338dc55a1c8e9b211274ffa8cbfd95d15b55c766, ieee-floats-20240503-9566ce8/ieee-floats.asd
iolib, ghcr.io/ocicl/iolib@sha256:953f1cb142e647da50562d51eca562afc2c5b941b89ae622332b53c7dbed7e1b, iolib-20240503-396cc43/iolib.asd
iolib.asdf, ghcr.io/ocicl/iolib@sha256:953f1cb142e647da50562d51eca562afc2c5b941b89ae622332b53c7dbed7e1b, iolib-20240503-396cc43/iolib.asdf.asd
iolib.base, ghcr.io/ocicl/iolib@sha256:953f1cb142e647da50562d51eca562afc2c5b941b89ae622332b53c7dbed7e1b, iolib-20240503-396cc43/iolib.base.asd
iolib.common-lisp, ghcr.io/ocicl/iolib@sha256:953f1cb142e647da50562d51eca562afc2c5b941b89ae622332b53c7dbed7e1b, iolib-20240503-396cc43/iolib.common-lisp.asd
iolib.conf, ghcr.io/ocicl/iolib@sha256:953f1cb142e647da50562d51eca562afc2c5b941b89ae622332b53c7dbed7e1b, iolib-20240503-396cc43/iolib.conf.asd
iolib.examples, ghcr.io/ocicl/iolib@sha256:953f1cb142e647da50562d51eca562afc2c5b941b89ae622332b53c7dbed7e1b, iolib-20240503-396cc43/iolib.examples.asd
ironclad, ghcr.io/ocicl/ironclad@sha256:3117e5a26a3e94924074c3548c235a2b733609ed61a2731880ac9e31df55428b, ironclad-20240503-6da010f/ironclad.asd
ironclad-text, ghcr.io/ocicl/ironclad@sha256:3117e5a26a3e94924074c3548c235a2b733609ed61a2731880ac9e31df55428b, ironclad-20240503-6da010f/ironclad-text.asd
lack, ghcr.io/ocicl/lack-request@sha256:15369554ac6a29b69058fe9f68bbc1970deafcb531e7acc3a766c7007f755526, lack-20250804-f3302ce/lack.asd
lack-app-directory, ghcr.io/ocicl/lack-request@sha256:15369554ac6a29b69058fe9f68bbc1970deafcb531e7acc3a766c7007f755526, lack-20250804-f3302ce/lack-app-directory.asd
lack-app-file, ghcr.io/ocicl/lack-request@sha256:15369554ac6a29b69058fe9f68bbc1970deafcb531e7acc3a766c7007f755526, lack-20250804-f3302ce/lack-app-file.asd
lack-component, ghcr.io/ocicl/lack-request@sha256:15369554ac6a29b69058fe9f68bbc1970deafcb531e7acc3a766c7007f755526, lack-20250804-f3302ce/lack-component.asd
lack-middleware-accesslog, ghcr.io/ocicl/lack-request@sha256:15369554ac6a29b69058fe9f68bbc1970deafcb531e7acc3a766c7007f755526, lack-20250804-f3302ce/lack-middleware-accesslog.asd
lack-middleware-auth-basic, ghcr.io/ocicl/lack-request@sha256:15369554ac6a29b69058fe9f68bbc1970deafcb531e7acc3a766c7007f755526, lack-20250804-f3302ce/lack-middleware-auth-basic.asd
lack-middleware-backtrace, ghcr.io/ocicl/lack-request@sha256:15369554ac6a29b69058fe9f68bbc1970deafcb531e7acc3a766c7007f755526, lack-20250804-f3302ce/lack-middleware-backtrace.asd
lack-middleware-csrf, ghcr.io/ocicl/lack-request@sha256:15369554ac6a29b69058fe9f68bbc1970deafcb531e7acc3a766c7007f755526, lack-20250804-f3302ce/lack-middleware-csrf.asd
lack-middleware-dbpool, ghcr.io/ocicl/lack-request@sha256:15369554ac6a29b69058fe9f68bbc1970deafcb531e7acc3a766c7007f755526, lack-20250804-f3302ce/lack-middleware-dbpool.asd
lack-middleware-deflater, ghcr.io/ocicl/lack-request@sha256:15369554ac6a29b69058fe9f68bbc1970deafcb531e7acc3a766c7007f755526, lack-20250804-f3302ce/lack-middleware-deflater.asd
lack-middleware-mount, ghcr.io/ocicl/lack-request@sha256:15369554ac6a29b69058fe9f68bbc1970deafcb531e7acc3a766c7007f755526, lack-20250804-f3302ce/lack-middleware-mount.asd
lack-middleware-session, ghcr.io/ocicl/lack-request@sha256:15369554ac6a29b69058fe9f68bbc1970deafcb531e7acc3a766c7007f755526, lack-20250804-f3302ce/lack-middleware-session.asd
lack-middleware-static, ghcr.io/ocicl/lack-request@sha256:15369554ac6a29b69058fe9f68bbc1970deafcb531e7acc3a766c7007f755526, lack-20250804-f3302ce/lack-middleware-static.asd
lack-middleware-when, ghcr.io/ocicl/lack-request@sha256:15369554ac6a29b69058fe9f68bbc1970deafcb531e7acc3a766c7007f755526, lack-20250804-f3302ce/lack-middleware-when.asd
lack-request, ghcr.io/ocicl/lack-request@sha256:15369554ac6a29b69058fe9f68bbc1970deafcb531e7acc3a766c7007f755526, lack-20250804-f3302ce/lack-request.asd
lack-response, ghcr.io/ocicl/lack-request@sha256:15369554ac6a29b69058fe9f68bbc1970deafcb531e7acc3a766c7007f755526, lack-20250804-f3302ce/lack-response.asd
lack-session-store-dbi, ghcr.io/ocicl/lack-request@sha256:15369554ac6a29b69058fe9f68bbc1970deafcb531e7acc3a766c7007f755526, lack-20250804-f3302ce/lack-session-store-dbi.asd
lack-session-store-redis, ghcr.io/ocicl/lack-request@sha256:15369554ac6a29b69058fe9f68bbc1970deafcb531e7acc3a766c7007f755526, lack-20250804-f3302ce/lack-session-store-redis.asd
lack-test, ghcr.io/ocicl/lack-request@sha256:15369554ac6a29b69058fe9f68bbc1970deafcb531e7acc3a766c7007f755526, lack-20250804-f3302ce/lack-test.asd
lack-util, ghcr.io/ocicl/lack-request@sha256:15369554ac6a29b69058fe9f68bbc1970deafcb531e7acc3a766c7007f755526, lack-20250804-f3302ce/lack-util.asd
lack-util-writer-stream, ghcr.io/ocicl/lack-request@sha256:15369554ac6a29b69058fe9f68bbc1970deafcb531e7acc3a766c7007f755526, lack-20250804-f3302ce/lack-util-writer-stream.asd
local-time, ghcr.io/ocicl/local-time@sha256:15dc0e56d0ff55bd2a3c597e67be1c26bd0677c230a15ad5098c5207a9df5554, local-time-20250808-c28f38e/local-time.asd
log4cl, ghcr.io/ocicl/log4cl@sha256:bd33f6e5ad346892e852492e7101bc18d263f9ef2ba6192178568d1b20337112, log4cl-20240503-fe3da51/log4cl.asd
log4cl-examples, ghcr.io/ocicl/log4cl@sha256:bd33f6e5ad346892e852492e7101bc18d263f9ef2ba6192178568d1b20337112, log4cl-20240503-fe3da51/log4cl-examples.asd
log4cl.log4slime, ghcr.io/ocicl/log4cl@sha256:bd33f6e5ad346892e852492e7101bc18d263f9ef2ba6192178568d1b20337112, log4cl-20240503-fe3da51/log4cl.log4slime.asd
log4cl.log4sly, ghcr.io/ocicl/log4cl@sha256:bd33f6e5ad346892e852492e7101bc18d263f9ef2ba6192178568d1b20337112, log4cl-20240503-fe3da51/log4cl.log4sly.asd
map-set, ghcr.io/ocicl/map-set@sha256:82ac713774a803f643cc955c26ffcd80d456f7c42a5de614b3458dc77518c6bf, map-set-20240503-62c23b6/map-set.asd
md5, ghcr.io/ocicl/md5@sha256:7d8a8d7af07a2bcbca05ad839555730a0e021c697bf13cc02279669c7a9b038b, md5-2.0.5/md5.asd
mk-string-metrics, ghcr.io/ocicl/mk-string-metrics@sha256:c9fe03312d51bdda336819d14049bbbbce6028d7b44638e802efa92025cfe878, mk-string-metrics-20240503-99bb2b4/mk-string-metrics.asd
mk-string-metrics-tests, ghcr.io/ocicl/mk-string-metrics@sha256:c9fe03312d51bdda336819d14049bbbbce6028d7b44638e802efa92025cfe878, mk-string-metrics-20240503-99bb2b4/mk-string-metrics-tests.asd
myway, ghcr.io/ocicl/myway@sha256:46934aac290e9d659a90a4730973d74774b3fcd687a896cf771a27c68a0b4718, myway-20240503-1350b45/myway.asd
myway-test, ghcr.io/ocicl/myway@sha256:46934aac290e9d659a90a4730973d74774b3fcd687a896cf771a27c68a0b4718, myway-20240503-1350b45/myway-test.asd
ningle, ghcr.io/ocicl/ningle@sha256:b5c2a351c5662db8b8590c3a653f9c882bbfc4aa3ba4beec2fd1f5f83c92a479, ningle-20240503-ae0c79b/ningle.asd
ningle-test, ghcr.io/ocicl/ningle@sha256:b5c2a351c5662db8b8590c3a653f9c882bbfc4aa3ba4beec2fd1f5f83c92a479, ningle-20240503-ae0c79b/ningle-test.asd
osicat, ghcr.io/ocicl/osicat@sha256:48af110420f02e99c37370e48bee10d7c7aada7e563483e1f47e3bc1173545f9, osicat-20251007-68732bd/osicat.asd
proc-parse, ghcr.io/ocicl/proc-parse@sha256:0880f9acb35eb9efbe1f77a981e36e84e8f29a22b14f680c7686eb381fa87bd6, proc-parse-20240503-3afe2b7/proc-parse.asd
proc-parse-test, ghcr.io/ocicl/proc-parse@sha256:0880f9acb35eb9efbe1f77a981e36e84e8f29a22b14f680c7686eb381fa87bd6, proc-parse-20240503-3afe2b7/proc-parse-test.asd
quri, ghcr.io/ocicl/quri@sha256:e2559f91600e4895e115b42dde88fcaac3677f051335d73431888dcf7af99f95, quri-0.7.0/quri.asd
quri-test, ghcr.io/ocicl/quri@sha256:e2559f91600e4895e115b42dde88fcaac3677f051335d73431888dcf7af99f95, quri-0.7.0/quri-test.asd
rfc2388, ghcr.io/ocicl/rfc2388@sha256:4190f6eb36b3b2f53def6eff56b44e76edf4086ada2feb6d88bb671a40fc9f70, rfc2388-20240503-591bcf7/rfc2388.asd
smart-buffer, ghcr.io/ocicl/smart-buffer@sha256:b8d194f5881c415fd7f0099b88dfd9e2158405c2966de15c716b155a364bf0f7, smart-buffer-20240503-619759d/smart-buffer.asd
smart-buffer-test, ghcr.io/ocicl/smart-buffer@sha256:b8d194f5881c415fd7f0099b88dfd9e2158405c2966de15c716b155a364bf0f7, smart-buffer-20240503-619759d/smart-buffer-test.asd
split-sequence, ghcr.io/ocicl/split-sequence@sha256:3a37662eedd99c42995587b9d443c4631f25c4c523091bcca31a27b880585b8e, split-sequence-2.0.1/split-sequence.asd
static-vectors, ghcr.io/ocicl/static-vectors@sha256:53e11e5689c3dbea6a3017760b55f052588003d774913539930ddc4330a69970, static-vectors-20240624-3d9d89b/static-vectors.asd
str, ghcr.io/ocicl/str@sha256:685078f7554071268bca9e933392904940d6751077718a4aafaf3d0424003f26, cl-str-20250905-69ef8b4/str.asd
str.test, ghcr.io/ocicl/str@sha256:685078f7554071268bca9e933392904940d6751077718a4aafaf3d0424003f26, cl-str-20250905-69ef8b4/str.test.asd
swank, ghcr.io/ocicl/swank@sha256:28dfbe00b2c4c1a32db9db01db8b22d293ca57dae3b8445db3e4e685936fe233, slime-2.32/swank.asd
swap-bytes, ghcr.io/ocicl/swap-bytes@sha256:06edc17deb0f27cdf6290689711ece670a8282dfd07b732a9adc541af1ce7ed6, swap-bytes-20240503-43ab141/swap-bytes.asd
t-clack-handler-hunchentoot, ghcr.io/ocicl/clack@sha256:9457bea28f1ee9c49a7626c2ee23c181b5af3636b5e64a27a46ef8535818947f, clack-20241101-935be5b/t-clack-handler-hunchentoot.asd
t-clack-handler-toot, ghcr.io/ocicl/clack@sha256:9457bea28f1ee9c49a7626c2ee23c181b5af3636b5e64a27a46ef8535818947f, clack-20241101-935be5b/t-clack-handler-toot.asd
t-clack-handler-wookie, ghcr.io/ocicl/clack@sha256:9457bea28f1ee9c49a7626c2ee23c181b5af3636b5e64a27a46ef8535818947f, clack-20241101-935be5b/t-clack-handler-wookie.asd
trivial-backtrace, ghcr.io/ocicl/trivial-backtrace@sha256:89a3138695bb767c50001402fad60dacfc1e867e4e3d3579cc6f636d3e29a51c, trivial-backtrace-20240503-7f90b4a/trivial-backtrace.asd
trivial-backtrace-test, ghcr.io/ocicl/trivial-backtrace@sha256:89a3138695bb767c50001402fad60dacfc1e867e4e3d3579cc6f636d3e29a51c, trivial-backtrace-20240503-7f90b4a/trivial-backtrace-test.asd
trivial-features, ghcr.io/ocicl/trivial-features@sha256:e278e24d39060fc7d3715531b16ddd9ab7f93f22ade53e436c0b86dbae3aa065, trivial-features-1.0/trivial-features.asd
trivial-features-tests, ghcr.io/ocicl/trivial-features@sha256:e278e24d39060fc7d3715531b16ddd9ab7f93f22ade53e436c0b86dbae3aa065, trivial-features-1.0/trivial-features-tests.asd
trivial-garbage, ghcr.io/ocicl/trivial-garbage@sha256:a85dcf4110ad60ae9f6c70970acceb2bf12402ce5326891643d35506059afb1d, trivial-garbage-20240503-3474f64/trivial-garbage.asd
trivial-gray-streams, ghcr.io/ocicl/trivial-gray-streams@sha256:d0cc9fb73876100ee60647524f98b5b22566fa1c3a985d79548b0d2b228f8b51, trivial-gray-streams-20240503-a7ead68/trivial-gray-streams.asd
trivial-gray-streams-test, ghcr.io/ocicl/trivial-gray-streams@sha256:d0cc9fb73876100ee60647524f98b5b22566fa1c3a985d79548b0d2b228f8b51, trivial-gray-streams-20240503-a7ead68/trivial-gray-streams-test.asd
trivial-mimes, ghcr.io/ocicl/trivial-mimes@sha256:11c8aa199a3dea490cf8360bfa0c528e0e0e3e952b7b7d330208659662af93ed, trivial-mimes-20250813-98641f2/trivial-mimes.asd
trivial-shell, ghcr.io/ocicl/trivial-shell@sha256:54ee3411e10fe3fe0f1d2df6b33d95cda1f54fbe7e1ad5042dd1739ee4440220, trivial-shell-20240605-352a464/trivial-shell.asd
trivial-shell-test, ghcr.io/ocicl/trivial-shell@sha256:54ee3411e10fe3fe0f1d2df6b33d95cda1f54fbe7e1ad5042dd1739ee4440220, trivial-shell-20240605-352a464/trivial-shell-test.asd
trivial-utf-8, ghcr.io/ocicl/trivial-utf-8@sha256:014e7fa0edd7f351c8b38c3247e0cdda438235bb8a086bb0f2bac08f78ef400d, trivial-utf-8-20240503-ba9b4ff/trivial-utf-8.asd
uffi, ghcr.io/ocicl/cffi-grovel@sha256:0854274d437e36f8bd30549103de36d23ac22f481f2746e61785e883f52b25fa, cffi-20250822-dad3520/uffi-compat/uffi.asd
usocket, ghcr.io/ocicl/usocket@sha256:282856b819b22a4319ba30a15605ee934aa23292a471fd29ea4d3f2074b3f16d, usocket-0.8.8/usocket.asd
usocket-server, ghcr.io/ocicl/usocket@sha256:282856b819b22a4319ba30a15605ee934aa23292a471fd29ea4d3f2074b3f16d, usocket-0.8.8/usocket-server.asd
usocket-test, ghcr.io/ocicl/usocket@sha256:282856b819b22a4319ba30a15605ee934aa23292a471fd29ea4d3f2074b3f16d, usocket-0.8.8/usocket-test.asd
uuid, ghcr.io/ocicl/uuid@sha256:a32feac67562b09ece6a4d6debc6fefa40009231cd061042bc8939d3fab3c89e, uuid-20240503-f0052f3/uuid.asd
winhttp, ghcr.io/ocicl/winhttp@sha256:f4955086d194e6ae1665894da2149dac0ad850d95369f85fdda4d95cd06f3641, winhttp-20240503-8611ba5/winhttp.asd
xsubseq, ghcr.io/ocicl/xsubseq@sha256:7605d14f7cc7fd2f63190ad81fe7bd65daef105d6728ee6bb59baef49da2aa51, xsubseq-20240503-5ce430b/xsubseq.asd
xsubseq-test, ghcr.io/ocicl/xsubseq@sha256:7605d14f7cc7fd2f63190ad81fe7bd65daef105d6728ee6bb59baef49da2aa51, xsubseq-20240503-5ce430b/xsubseq-test.asd
yason, ghcr.io/ocicl/yason@sha256:d4857f9cbdd68a5d1332c7f8a4a2374b1ae0dc567d4b8f90795ff38fd490876b, yason-20250323-0c84b29/yason.asd
yason-tests, ghcr.io/ocicl/yason@sha256:d4857f9cbdd68a5d1332c7f8a4a2374b1ae0dc567d4b8f90795ff38fd490876b, yason-20250323-0c84b29/yason-tests.asd
